Genus.species	Biomod.name	gbif.data	GBIF	Hulten.data	Hulten	Biosci.ID	Bioscience	USGS	USGS.1	total.occ	data	Priority	Priority.PAF	Arctic.Shrubs	Arctic.Trees	Growthform.manual	Growth.form.TRY	Growth.form.height	All.height.median	Mig.rate.m.yr	Mig.rate.ref	Run	Rerun	Seed.Mass.Median	Seed.Mass.Median.Kew	DISP	DISP_INDK	DISP_VITTOZ	DISP_KEW	Complement_info	DISP_INDKMAN	VEGDISP_INDKMAN	DISP_TRY	Species	DS	GF	RH	SM.kew	SM.try	TV
Abies balsamea	Abies.balsamea	1	758	NA	0	NA	0	1	33321	34079	1	4	1	NA	1	TREE	NA	TREE	23	200	Normand.etal.2013.REST 	NA	1	NA	7.6	NA	NA	NA	Wind Spe	NA	NA	NA	NA	Abies balsamea	wind.special	tree	1.361727836	0.8808135923	#VALEUR !	
Alnus incana	Alnus.incana	1	31832	1	85838	NA	0	NA	0	117670	1	2	1	1	1	SHRUB, TREE	NA	TREE	25	95	Normand.etal.2013.REST 	1	NA	8.206303428	1.5	Wind dispersal	dysochory	4	Wind Spe	NA	me dy	sr	NA	Alnus incana	wind.special	tree	1.3979400087	0.1760912591	0.914147571	
Alnus viridis	Alnus.viridis	1	1432	1	4108	1	53	NA	0	5593	1	1	1	1	1	SHRUB, TREE	tree	TREE	5.9375	95	Normand.etal.2013.REST 	1	NA	8.206303428	NA	NA	NA	NA	Wind Spe	NA	me dy	sr	Wind	Alnus viridis	wind.special	tree	0.7736036226	#VALEUR !	0.914147571	
Amelanchier alnifolia	Amelanchier.alnifolia	1	1804	1	42966	NA	0	NA	0	44770	1	4	1	1	1	SHRUB, TREE	NA	TREE	7	NA		1	NA	NA	5.9	NA	NA	NA	Animal	NA	NA	NA	NA	Amelanchier alnifolia	animal	tree	0.84509804	0.7708520116	#VALEUR !	
Amelanchier bartramiana	Amelanchier.bartramiana	1	537	NA	0	NA	0	NA	0	537	1	4	1	1	NA	SHRUB	NA	TREE	5	NA		NA	1	NA	NA	NA	NA	NA	NA	NA	NA	NA	NA	Amelanchier bartramiana	NA	tree	0.6989700043	#VALEUR !	#VALEUR !	
Andromeda glaucophylla	Andromeda.glaucophylla	1	76	1	17978	1	2	NA	0	18056	1	4	1	1	NA	SHRUB	NA	SHRUB	0.7	NA		1	NA	0.204708334	NA	NA	NA	NA	Animal	NA	NA	NA	NA	Andromeda glaucophylla	animal	shrub	-0.15490196	#VALEUR !	-0.6888644762	
Andromeda polifolia	Andromeda.polifolia	1	35582	1	102067	1	3	NA	0	137652	1	3	1	1	NA	SHRUB	shrub	SHRUB	0.28125	NA		1	NA	0.204708334	NA	Unassisted dispersal	boleochory	1	NA	NA	bo	au	NA	Andromeda polifolia	wind.none	shrub	-0.5509074689	#VALEUR !	-0.6888644762	
Arctostaphylos uva-ursi	Arctostaphylos.uvaursi	1	19704	1	89636	1	14	NA	0	109354	1	3	1	1	NA	SHRUB	shrub	SHRUB	0.4	NA		1	NA	10.95802134	NA	Endozoochory	dysochory	6	Animal	NA	en dy	kt	NA	Arctostaphylos uva-ursi	animal	shrub	-0.3979400087	#VALEUR !	1.0397321419	
Arctous alpina	Arctous.alpina	1	4416	1	22426	1	32	NA	0	26874	1	3	1	1	NA	SHRUB	shrub	SHRUB	0.2	NA		1	NA	67.87722805	NA	NA	NA	NA	NA	NA	NA	NA	NA	Arctous alpina	NA	shrub	-0.6989700043	#VALEUR !	1.8317240984	
Arctous rubra	Arctous.rubra	1	353	1	75363	NA	0	NA	0	75716	1	3	1	1	NA	SHRUB	NA	SHRUB	0.2	NA		1	NA	2.23	NA	NA	NA	NA	NA	NA	NA	NA	NA	Arctous rubra	NA	shrub	-0.6989700043	#VALEUR !	0.348304863	
Artemisia arctica	Artemisia.arctica	1	423	1	3774	NA	0	NA	0	4197	1	4	1	1	NA	SUBSHRUB	NA,shrub	SHRUB	0.6	NA		1	NA	0.317101463	NA	NA	NA	NA	NA	NA	NA	NA	NA	Artemisia arctica	NA	shrub	-0.2218487496	#VALEUR !	-0.4988017543	
Artemisia canadensis	Artemisia.canadensis	1	22	1	81184	NA	0	NA	0	81206	1	4	1	1	NA	SHRUB	NA	SHRUB	0.6	NA		1	NA	0.266458176	NA	NA	NA	NA	NA	NA	NA	NA	NA	Artemisia canadensis	NA	shrub	-0.2218487496	#VALEUR !	-0.5743709493	
Artemisia comata	Artemisia.comata	1	31	1	3128	NA	0	NA	0	3159	1	4	1	1	NA	SUBSHRUB	NA	SHRUB	0.6	NA		1	NA	0.266458176	NA	NA	NA	NA	NA	NA	NA	NA	NA	Artemisia comata	NA	shrub	-0.2218487496	#VALEUR !	-0.5743709493	
Artemisia dracunculus	Artemisia.dracunculus	1	1234	1	138013	NA	0	NA	0	139247	1	4	1	1	NA	SUBSHRUB	NA	SHRUB	1.5	NA		1	NA	0.266458176	NA	NA	anthropochory	NA	NA	NA	bo at	sr	NA	Artemisia dracunculus	animal	shrub	0.1760912591	#VALEUR !	-0.5743709493	
Artemisia frigida	Artemisia.frigida	1	92	1	90326	NA	0	NA	0	90418	1	4	1	1	NA	SUBSHRUB, HERB	NA	SHRUB	0.6	NA		1	1	0.266458176	NA	NA	NA	NA	NA	NA	NA	NA	NA	Artemisia frigida	NA	shrub	-0.2218487496	#VALEUR !	-0.5743709493	
Artemisia globularia	Artemisia.globularia	1	86	1	10134	NA	0	NA	0	10220	1	4	1	1	NA	SUBSHRUB, HERB	NA	SHRUB	0.16	NA		1	NA	0.266458176	NA	NA	NA	NA	NA	NA	NA	NA	NA	Artemisia globularia	NA	shrub	-0.7958800173	#VALEUR !	-0.5743709493	
Artemisia glomerata	Artemisia.glomerata	1	112	1	16900	NA	0	NA	0	17012	1	4	1	1	NA	SUBSHRUB, HERB	NA	SHRUB	0.5	NA		1	NA	0.266458176	NA	NA	NA	NA	NA	NA	NA	NA	NA	Artemisia glomerata	NA	shrub	-0.3010299957	#VALEUR !	-0.5743709493	
Artemisia gmelinii	Artemisia.gmelinii	1	893	NA	0	NA	0	NA	0	893	1	4	1	1	NA	SUBSHRUB	NA	SHRUB	1	NA		NA	1	0.266458176	NA	NA	NA	NA	NA	NA	NA	NA	NA	Artemisia gmelinii	NA	shrub	0	#VALEUR !	-0.5743709493	
Artemisia norvegica	Artemisia.norvegica	1	982	1	20244	NA	0	NA	0	21226	1	4	1	1	NA	SUBSHRUB, HERB	NA	SHRUB	0.6	NA		1	NA	0.266458176	NA	NA	NA	NA	NA	NA	NA	NA	NA	Artemisia norvegica	NA	shrub	-0.2218487496	#VALEUR !	-0.5743709493	
Artemisia senjavinensis	Artemisia.senjavinensis	1	150	1	1006	NA	0	NA	0	1156	1	4	1	1	NA	SUBSHRUB, HERB	NA	SHRUB	0.9	NA		1	NA	0.266458176	NA	NA	NA	NA	NA	NA	NA	NA	NA	Artemisia senjavinensis	NA	shrub	-0.0457574906	#VALEUR !	-0.5743709493	
Betula fruticosa	Betula.fruticosa	1	188	1	22388	NA	0	NA	0	22576	1	2	1	1	NA	SHRUB	NA	SHRUB	3	200		1	NA	0.162686255	NA	NA	NA	NA	NA	NA	NA	NA	NA	Betula fruticosa	NA	shrub	0.4771212547	#VALEUR !	-0.7886491381	
Betula glandulosa	Betula.glandulosa	1	885	1	93518	1	150	NA	0	94553	1	1	1	1	NA	SHRUB	shrub	SHRUB	2.25	200	Normand.etal.2013.REST 	1	NA	0.128758223	NA	NA	NA	NA	Wind Spe	NA	NA	NA	Diaspore is blown by wind	Betula glandulosa	wind.special	shrub	0.3521825181	#VALEUR !	-0.8902250257	
Betula kenaica	Betula.kenaica	1	58	NA	0	NA	0	NA	0	58	1	2	1	NA	1	TREE	NA	TREE	12	450		NA	1	0.219966667	NA	NA	NA	NA	NA	NA	NA	NA	NA	Betula kenaica	NA	tree	1.079181246	#VALEUR !	-0.6576431257	
Betula minor	Betula.minor	1	71	NA	0	NA	0	NA	0	71	1	2	1	1	NA	SHRUB	NA	TREE	5	450		NA	1	0.162686255	NA	NA	NA	NA	NA	NA	NA	NA	NA	Betula minor	NA	tree	0.6989700043	#VALEUR !	-0.7886491381	
Betula nana	Betula.nana	1	30738	1	89412	1	232	NA	0	120382	1	1	1	1	NA	SHRUB	tree	SHRUB	0.455825	200	Normand.etal.2013.REST 	1	NA	0.196614286	NA	NA	meteorochory	NA	Wind	wind+animal	me dy	sr	NA	Betula nana	wind.special	shrub	-0.3412018594	#VALEUR !	-0.7063849295	
Betula neoalaskana	Betula.neoalaskana	1	97	NA	0	NA	0	NA	0	97	1	2	1	NA	1	TREE	NA	TREE	25	450		NA	1	0.219966667	NA	NA	NA	NA	NA	NA	NA	NA	NA	Betula neoalaskana	NA	tree	1.3979400087	#VALEUR !	-0.6576431257	
Betula papyrifera	Betula.papyrifera	1	701	1	71965	NA	0	NA	0	72666	1	2	1	NA	1	TREE	NA	TREE	30	450	Normand.etal.2013.REST 	NA	1	0.219966667	NA	NA	NA	NA	NA	NA	NA	NA	NA	Betula papyrifera	NA	tree	1.4771212547	#VALEUR !	-0.6576431257	
Betula pendula	Betula.pendula	1	57780	1	130291	NA	0	NA	0	188071	1	2	1	NA	1	TREE	NA	TREE	25	450	Normand.etal.2013.REST 	NA	1	0.219966667	NA	Wind dispersal	meteorochory	5	NA	NA	NA	NA	NA	Betula pendula	wind.special	tree	1.3979400087	#VALEUR !	-0.6576431257	
Betula platyphylla	Betula.platyphylla	1	124	1	56635	NA	0	NA	0	56759	1	2	1	NA	1	TREE	NA	TREE	30	450		NA	1	0.219966667	NA	NA	NA	NA	NA	NA	NA	NA	NA	Betula platyphylla	NA	tree	1.4771212547	#VALEUR !	-0.6576431257	
Betula pubescens	Betula.pubescens	1	45625	1	11860	1	60	NA	0	57545	1	1	1	1	1	SHRUB, TREE	tree	TREE	20	450	Normand.etal.2013.REST 	1	NA	0.219966667	NA	NA	NA	NA	Wind	NA	NA	NA	Diaspore is blown by wind	Betula pubescens	wind.special	tree	1.3010299957	#VALEUR !	-0.6576431257	
Betula pumila	Betula.pumila	1	328	NA	0	NA	0	NA	0	328	1	2	1	1	NA	SHRUB	NA	TREE	4	450		NA	1	0.162686255	NA	NA	NA	NA	Wind	NA	NA	NA	NA	Betula pumila	wind.special	tree	0.6020599913	#VALEUR !	-0.7886491381	
Calluna vulgaris	Calluna.vulgaris	1	62903	1	58872	NA	0	NA	0	121775	1	3	1	1	NA	SHRUB	shrub	SHRUB	0.826	2	Normand.etal.2013.REST 	1	NA	0.0345	NA	Wind dispersal	endochory	6	NA	NA	NA	NA	unassisted	Calluna vulgaris	animal	shrub	-0.0830199527	#VALEUR !	-1.4621809049	
Caragana jubata	Caragana.jubata	1	66	NA	0	NA	0	NA	0	66	1	4	1	1	NA	SHRUB	NA	SHRUB	2	NA		NA	1	NA	NA	NA	NA	NA	NA	NA	NA	NA	NA	Caragana jubata	NA	shrub	0.3010299957	#VALEUR !	#VALEUR !	
Cassiope lycopodioides	Cassiope.lycopodioides	1	127	1	11725	NA	0	NA	0	11852	1	2	1	1	NA	SHRUB	NA	SHRUB	0.103653333	NA		1	NA	NA	NA	NA	NA	NA	NA	NA	NA	NA	NA	Cassiope lycopodioides	NA	shrub	-0.9844167285	#VALEUR !	#VALEUR !	
Cassiope tetragona	Cassiope.tetragona	1	1418	1	7995	1	387	NA	0	9800	1	1	1	1	NA	SHRUB	shrub	SHRUB	0.103653333	NA		1	NA	NA	NA	NA	NA	NA	NA	NA	NA	NA	NA	Cassiope tetragona	NA	shrub	-0.9844167285	#VALEUR !	#VALEUR !	
Chamaedaphne calyculata	Chamaedaphne.calyculata	1	3510	1	154196	NA	0	NA	0	157706	1	4	1	1	NA	SHRUB	NA	SHRUB	1.5	2	Normand.etal.2013.REST 	1	NA	NA	0.11	NA	NA	NA	Unassisted	NA	NA	NA	NA	Chamaedaphne calyculata	wind.none	shrub	0.1760912591	-0.9586073148	#VALEUR !	
Chamaepericlymenum canadense	Chamaepericlymenum.canadense	1	29	1	110709	1	7	NA	0	110745	1	4	1	1	NA	SUBSHRUB, HERB	NA	SHRUB	0.2	2		1	NA	NA	NA	NA	NA	NA	NA	NA	NA	NA	NA	Chamaepericlymenum canadense	NA	shrub	-0.6989700043	#VALEUR !	#VALEUR !	
Chamaepericlymenum unalaschkense	Chamaepericlymenum.unalaschkense	NA	0	1	241	NA	0	NA	0	241	1	4	1	1	NA	SUBSHRUB 	NA	SHRUB	0.2	2		1	NA	NA	NA	NA	NA	NA	NA	NA	NA	NA	NA	Chamaepericlymenum unalaschkense	NA	shrub	-0.6989700043	#VALEUR !	#VALEUR !	
Cotoneaster niger	Cotoneaster.niger	1	652	1	43766	NA	0	NA	0	44418	1	4	1	1	NA	SHRUB	NA	SHRUB	2.5	NA		1	NA	NA	NA	NA	NA	NA	NA	NA	NA	NA	NA	Cotoneaster niger	NA	shrub	0.3979400087	#VALEUR !	#VALEUR !	
Dasiphora fruticosa	Dasiphora.fruticosa	1	2730	1	42024	NA	0	NA	0	44754	1	3	1	1	NA	SHRUB	woody	SHRUB	0.75	NA		1	NA	0.2635	NA	NA	NA	NA	NA	NA	NA	NA	NA	Dasiphora fruticosa	NA	shrub	-0.1249387366	#VALEUR !	-0.5792193805	
Diapensia lapponica	Diapensia.lapponica	1	3425	1	6376	1	269	NA	0	10070	1	3	1	1	NA	PINCUSHIAN, SHRUB	shrub	SHRUB	0.038	NA		1	NA	0.12	NA	NA	NA	NA	NA	NA	NA	NA	NA	Diapensia lapponica	NA	shrub	-1.4202164034	#VALEUR !	-0.920818754	
Diapensia obovata	Diapensia.obovata	1	102	1	3585	NA	0	NA	0	3687	1	4	1	1	NA	PINCUSHIAN, SHRUB	NA	SHRUB	0.05	NA		1	NA	0.12	NA	NA	NA	NA	NA	NA	NA	NA	NA	Diapensia obovata	NA	shrub	-1.3010299957	#VALEUR !	-0.920818754	
Dryas ajanensis	Dryas.ajanensis	1	21	NA	0	NA	0	NA	0	21	1	4	1	1	NA	DWARF-SHRUB	NA	SHRUB	0.074375	NA		NA	1	0.621723711	NA	NA	NA	NA	NA	NA	NA	NA	NA	Dryas ajanensis	NA	shrub	-1.1285730213	#VALEUR !	-0.2064025694	
Dryas drummondii	Dryas.drummondii	1	194	1	21852	NA	0	NA	0	22046	1	4	1	1	NA	DWARF-SHRUB	NA	SHRUB	0.074375	NA		1	NA	0.621723711	NA	NA	NA	NA	NA	NA	NA	NA	NA	Dryas drummondii	NA	shrub	-1.1285730213	#VALEUR !	-0.2064025694	
Dryas incisa	Dryas.incisa	1	36	NA	0	NA	0	NA	0	36	1	4	1	1	NA	DWARF-SHRUB	NA	SHRUB	0.074375	NA		NA	1	0.621723711	NA	NA	NA	NA	NA	NA	NA	NA	NA	Dryas incisa	NA	shrub	-1.1285730213	#VALEUR !	-0.2064025694	
Dryas integrifolia	Dryas.integrifolia	1	507	1	79340	1	414	NA	0	80261	1	3	1	1	NA	DWARF-SHRUB	shrub	SHRUB	0.05	NA		1	NA	0.72	NA	NA	NA	NA	Wind	NA	NA	NA	NA	Dryas integrifolia	wind.special	shrub	-1.3010299957	#VALEUR !	-0.1426675036	
Dryas octopetala	Dryas.octopetala	1	5547	1	19850	1	34	NA	0	25431	1	3	1	1	NA	DWARF-SHRUB	shrub	SHRUB	0.09875	NA		1	NA	0.523447422	NA	Wind dispersal	meteorochory	3	Wind	NA	me hy	kt	NA	Dryas octopetala	wind.none	shrub	-1.0054628957	#VALEUR !	-0.2811269348	
Dryas punctata	Dryas.punctata	1	243	1	12953	NA	0	NA	0	13196	1	4	1	1	NA	DWARF-SHRUB	NA	SHRUB	0.074375	NA		1	NA	0.621723711	NA	NA	NA	NA	NA	NA	NA	NA	NA	Dryas punctata	NA	shrub	-1.1285730213	#VALEUR !	-0.2064025694	
Empetrum atropurpureum	Empetrum.atropurpureum	1	24	NA	0	NA	0	NA	0	24	1	2	1	1	NA	SHRUB, SUBSHRUB	NA	SHRUB	0.316833334	138		NA	1	1.2025	NA	NA	NA	NA	NA	NA	NA	NA	NA	Empetrum atropurpureum	NA	shrub	-0.4991691326	#VALEUR !	0.080085085	
Empetrum eamesii	Empetrum.eamesii	1	53	NA	0	NA	0	NA	0	53	1	2	1	1	NA	SHRUB, SUBSHRUB	NA	SHRUB	0.316833334	138		NA	1	1.2025	NA	NA	NA	NA	NA	NA	NA	NA	NA	Empetrum eamesii	NA	shrub	-0.4991691326	#VALEUR !	0.080085085	
Empetrum nigrum	Empetrum.nigrum	1	49579	1	119262	1	391	NA	0	169232	1	1	1	1	NA	SHRUB, SUBSHRUB	shrub	SHRUB	0.316833334	138	Normand.etal.2013.REST 	1	NA	1.2025	NA	Endozoochory	endochory	6	Animal	NA	en	kt	Animal	Empetrum nigrum	animal	shrub	-0.4991691326	#VALEUR !	0.080085085	
Gaultheria hispidula	Gaultheria.hispidula	1	287	NA	0	NA	0	NA	0	287	1	4	1	1	NA	SHRUB	NA	SHRUB	0.14	NA		NA	1	NA	0.15	NA	NA	NA	Animal	Mammals (non-bat)+bird	NA	NA	NA	Gaultheria hispidula	animal	shrub	-0.8538719643	-0.8239087409	#VALEUR !	
Harrimanella hypnoides	Harrimanella.hypnoides	1	4079	1	6514	1	266	NA	0	10859	1	2	1	1	NA	SHRUB, SUBSHRUB	NA	SHRUB	0.0175	NA		1	NA	0.009333333	NA	NA	NA	NA	NA	NA	NA	NA	NA	Harrimanella hypnoides	NA	shrub	-1.7569619513	#VALEUR !	-2.0299632389	
Harrimanella stelleriana	Harrimanella.stelleriana	1	211	1	10504	NA	0	NA	0	10715	1	3	1	1	NA	SHRUB, SUBSHRUB	NA	SHRUB	0.0175	NA		1	NA	0.03	NA	NA	NA	NA	NA	NA	NA	NA	NA	Harrimanella stelleriana	NA	shrub	-1.7569619513	#VALEUR !	-1.5228787453	
Juniperus communis	Juniperus.communis	1	54746	1	70594	1	199	NA	0	125539	1	1	1	1	1	SHRUB, TREE	shrub	TREE	7.5675	138	Normand.etal.2013.REST 	1	NA	8.883875	NA	Endozoochory	dysochory	6	Animal	Birds	en dy	kv	animal	Juniperus communis	animal	tree	0.8789524296	#VALEUR !	0.9486024392	
Juniperus horizontalis	Juniperus.horizontalis	1	304	1	44245	NA	0	NA	0	44549	1	2	1	1	NA	SUBSHRUB	NA	TREE	7.5675	138		1	NA	8.883875	NA	NA	NA	NA	NA	NA	NA	NA	NA	Juniperus horizontalis	NA	tree	0.8789524296	#VALEUR !	0.9486024392	
Kalmia polifolia	Kalmia.polifolia	1	882	1	70454	NA	0	NA	0	71336	1	4	1	1	NA	SHRUB	shrub	SHRUB	0.7	NA		1	NA	0.012019324	NA	NA	NA	NA	Unassisted	NA	NA	NA	NA	Kalmia polifolia	wind.none	shrub	-0.15490196	#VALEUR !	-1.9201199576	
Kalmia procumbens	Kalmia.procumbens	1	12866	1	17028	1	250	NA	0	30144	1	3	1	1	NA	SHRUB	shrub	SHRUB	0.11375	NA		1	NA	0.01721625	NA	NA	NA	NA	NA	NA	NA	NA	NA	Kalmia procumbens	NA	shrub	-0.9440485947	#VALEUR !	-1.7640614395	
Larix dahurica	Larix.dahurica	NA	0	1	64482	NA	0	NA	0	64482	1	4	1	NA	1	TREE	NA	TREE	37.88595	170		NA	1	6.345895542	NA	NA	NA	NA	NA	NA	NA	NA	NA	Larix dahurica	NA	tree	1.5784781818	#VALEUR !	0.802492919	
Larix laricina	Larix.laricina	1	794	NA	0	NA	0	1	58925	59719	1	4	1	NA	1	TREE	NA	TREE	20	170	Normand.etal.2013.REST 	NA	1	6.345895542	NA	NA	NA	NA	Wind	NA	NA	NA	NA	Larix laricina	wind.special	tree	1.3010299957	#VALEUR !	0.802492919	
Larix sibirica	Larix.sibirica	1	180	1	58169	NA	0	NA	0	58349	1	4	1	NA	1	TREE	NA	TREE	50	170	Normand.etal.2013.REST 	NA	1	6.345895542	NA	NA	NA	NA	Wind	NA	NA	NA	NA	Larix sibirica	wind.special	tree	1.6989700043	#VALEUR !	0.802492919	
Linnaea borealis	Linnaea.borealis	1	19937	1	150385	1	26	NA	0	170348	1	3	1	1	NA	SUBSHRUB	shrub	SHRUB	0.155	NA		1	NA	0.87	NA	Unassisted dispersal	epichory	6	Animal	Mammals (non-bat).; deer, rabbit	ep	kt	NA	Linnaea borealis	animal	shrub	-0.8096683018	#VALEUR !	-0.0604807474	
Lonicera caerulea	Lonicera.caerulea	1	832	1	34149	NA	0	NA	0	34981	1	4	1	1	NA	SHRUB	NA	SHRUB	2.5	NA		1	NA	NA	1.4	Endozoochory	endochory	6	Animal	NA	en	sr	NA	Lonicera caerulea	animal	shrub	0.3979400087	0.1461280357	#VALEUR !	
Lonicera involucrata	Lonicera.involucrata	1	1021	1	40190	NA	0	NA	0	41211	1	4	1	1	NA	SHRUB	NA	TREE	5	NA		1	NA	NA	1.54	NA	NA	NA	Animal	Birds	NA	NA	NA	Lonicera involucrata	animal	tree	0.6989700043	0.1875207208	#VALEUR !	
Lonicera villosa	Lonicera.villosa	1	266	1	4434	NA	0	NA	0	4700	1	4	1	1	NA	SHRUB	NA	SHRUB	0.9144	NA		1	NA	NA	NA	NA	NA	NA	NA	NA	NA	NA	NA	Lonicera villosa	NA	shrub	-0.0388637826	#VALEUR !	#VALEUR !	
Luetkea pectinata	Luetkea.pectinata	1	229	1	18360	NA	0	NA	0	18589	1	4	1	1	NA	SUBSHRUB	NA	SHRUB	0.2	NA		1	NA	NA	0.092	NA	NA	NA	NA	NA	NA	NA	NA	Luetkea pectinata	NA	shrub	-0.6989700043	-1.0362121727	#VALEUR !	
Myrica gale	Myrica.gale	1	17673	1	34703	NA	0	NA	0	52376	1	4	1	1	NA	SHRUB	NA	SHRUB	2	2	Normand.etal.2013.REST 	1	NA	NA	1.57	NA	NA	NA	NA	NA	NA	NA	NA	Myrica gale	NA	shrub	0.3010299957	0.1958996524	#VALEUR !	
Oxycoccus microcarpus	Oxycoccus.microcarpus	1	10531	1	32897	NA	0	NA	0	43428	1	2	1	1	NA	SHRUB	NA	SHRUB	0.35	NA		1	NA	NA	NA	NA	NA	NA	NA	NA	NA	NA	NA	Oxycoccus microcarpus	NA	shrub	-0.4559319556	#VALEUR !	#VALEUR !	
Oxycoccus palustris	Oxycoccus.palustris	1	43541	1	68219	1	109	NA	0	111869	1	2	1	1	NA	SHRUB	NA	SHRUB	0.03	NA		1	NA	NA	NA	NA	NA	NA	NA	NA	NA	NA	NA	Oxycoccus palustris	NA	shrub	-1.5228787453	#VALEUR !	#VALEUR !	
Phyllodoce aleutica	Phyllodoce.aleutica	1	144	1	20250	NA	0	NA	0	20394	1	3	1	1	NA	SHRUB, SUBSHRUB	NA	SHRUB	0.25	NA		1	NA	0.02	NA	NA	NA	NA	NA	NA	NA	NA	NA	Phyllodoce aleutica	NA	shrub	-0.6020599913	#VALEUR !	-1.6989700043	
Phyllodoce caerulea	Phyllodoce.caerulea	1	7215	1	10019	1	318	NA	0	17552	1	3	1	1	NA	SHRUB, SUBSHRUB	shrub	SHRUB	0.1198	NA		1	NA	0.02	NA	NA	NA	NA	NA	NA	NA	NA	NA	Phyllodoce caerulea	NA	shrub	-0.9215431819	#VALEUR !	-1.6989700043	
Picea abies	Picea.abies	1	43640	1	123058	NA	0	NA	0	166698	1	3	1	NA	1	TREE	tree	TREE	50	60	Normand.etal.2013.REST 	NA	1	6.563405489	NA	Dispersal by hoarding	meteorochory	6	Wind	NA	me dy	kv	wind	Picea abies	wind.special	tree	1.6989700043	#VALEUR !	0.8171292359	
Picea glauca	Picea.glauca	1	1387	NA	0	NA	0	1	66500	67887	1	4	1	NA	1	TREE	NA	TREE	30	60	Normand.etal.2013.REST 	NA	1	4.919825988	NA	NA	NA	NA	NA	NA	NA	NA	NA	Picea glauca	NA	tree	1.4771212547	#VALEUR !	0.6919497422	
Picea mariana	Picea.mariana	1	499	NA	0	NA	0	1	68040	68539	1	4	1	NA	1	TREE	NA	TREE	25	60	Normand.etal.2013.REST 	NA	1	4.919825988	NA	NA	NA	NA	Wind	NA	NA	NA	NA	Picea mariana	wind.special	tree	1.3979400087	#VALEUR !	0.6919497422	
Pinus pumila	Pinus.pumila	1	60	1	15	NA	0	NA	0	75	1	2	1	1	NA	SHRUB 	NA	TREE	6	210		1	NA	64.32974397	NA	NA	NA	NA	NA	NA	NA	NA	NA	Pinus pumila	NA	tree	0.7781512504	#VALEUR !	1.8084118229	
Pinus sibirica	Pinus.sibirica	1	44	1	48211	NA	0	NA	0	48255	1	2	1	NA	1	TREE	NA	TREE	35	210		NA	1	64.32974397	NA	NA	NA	NA	NA	NA	NA	NA	NA	Pinus sibirica	animal	tree	1.5440680444	#VALEUR !	1.8084118229	
Pinus sylvestris	Pinus.sylvestris	1	66317	1	111904	NA	0	NA	0	178221	1	2	1	NA	1	TREE	NA	TREE	40	210	Normand.etal.2013.REST 	NA	1	64.32974397	NA	Dispersal by hoarding	dysochory	6	Wind	NA	me dy	kv	NA	Pinus sylvestris	wind.special	tree	1.6020599913	#VALEUR !	1.8084118229	
Populus balsamifera	Populus.balsamifera	1	1108	NA	0	NA	0	1	58704	59812	1	3	1	NA	1	TREE	tree	TREE	30	310	Normand.etal.2013.REST 	NA	1	1.193333333	NA	NA	NA	NA	NA	NA	NA	NA	NA	Populus balsamifera	NA	tree	1.4771212547	#VALEUR !	0.0767617718	
Populus suaveolens	Populus.suaveolens	1	20	NA	0	NA	0	NA	0	20	1	4	1	NA	1	TREE	NA	TREE	30	310		NA	1	1.193333333	NA	NA	NA	NA	NA	NA	NA	NA	NA	Populus suaveolens	NA	tree	1.4771212547	#VALEUR !	0.0767617718	
Populus tremula	Populus.tremula	1	53689	1	143297	NA	0	NA	0	196986	1	4	1	NA	1	TREE	NA	TREE	20	310	Normand.etal.2013.REST 	NA	1	1.193333333	NA	Wind dispersal	meteorochory	5	NA	NA	me	ws	NA	Populus tremula	wind.special	tree	1.3010299957	#VALEUR !	0.0767617718	
Populus tremuloides	Populus.tremuloides	1	1390	1	73904	NA	0	NA	0	75294	1	4	1	NA	1	TREE	NA	TREE	35	310	Normand.etal.2013.REST 	NA	1	1.193333333	NA	NA	NA	NA	NA	NA	NA	NA	NA	Populus tremuloides	NA	tree	1.5440680444	#VALEUR !	0.0767617718	
Prunus padus	Prunus.padus	1	36108	1	116155	NA	0	NA	0	152263	1	4	1	1	1	SHRUB, TREE	NA	TREE	15	NA		1	NA	NA	52.5	Endozoochory	endochory	6	Animal	NA	en dy	ws	NA	Prunus padus	animal	tree	1.1760912591	1.7201593034	#VALEUR !	
Prunus pensylvanica	Prunus.pensylvanica	1	536	NA	0	NA	0	1	45622	46158	1	4	1	1	1	SHRUB, TREE	NA	TREE	16	NA		NA	1	NA	31.9	NA	NA	NA	Animal	Birds	NA	NA	NA	Prunus pensylvanica	animal	tree	1.2041199827	1.5037906831	#VALEUR !	
Rhododendron aureum	Rhododendron.aureum	1	30	NA	0	NA	0	NA	0	30	1	4	1	1	NA	DWARF-SHRUB	NA	SHRUB	1	2		NA	1	0.0295	NA	NA	NA	NA	NA	NA	NA	NA	NA	Rhododendron aureum	NA	shrub	0	#VALEUR !	-1.530177984	
Rhododendron groenlandicum	Rhododendron.groenlandicum	1	861	1	87468	1	175	NA	0	88504	1	3	1	1	NA	SHRUB	shrub	SHRUB	0.95	2		1	NA	0.0295	NA	NA	NA	NA	Animal	Birds	NA	NA	Birds.	Rhododendron groenlandicum	animal	shrub	-0.0222763947	#VALEUR !	-1.530177984	
Rhododendron lapponicum	Rhododendron.lapponicum	1	651	1	18021	1	325	NA	0	18997	1	3	1	1	NA	SHRUB	shrub	SHRUB	0.5	2	Normand.etal.2013.REST 	1	NA	0.0295	NA	NA	NA	NA	NA	NA	NA	NA	NA	Rhododendron lapponicum	NA	shrub	-0.3010299957	#VALEUR !	-1.530177984	
Rhododendron tomentosum	Rhododendron.tomentosum	1	34939	1	108117	1	175	NA	0	143231	1	3	1	1	NA	SHRUB	shrub	SHRUB	1.075	2	Normand.etal.2013.REST 	1	NA	0.01575	NA	NA	NA	NA	NA	NA	NA	NA	NA	Rhododendron tomentosum	NA	shrub	0.0314084643	#VALEUR !	-1.8027194419	
Ribes glandulosum	Ribes.glandulosum	1	443	1	69698	NA	0	NA	0	70141	1	4	1	1	NA	SHRUB	NA	SHRUB	1	NA		1	NA	NA	NA	NA	NA	NA	NA	NA	NA	NA	NA	Ribes glandulosum	NA	shrub	0	#VALEUR !	#VALEUR !	
Ribes hirtellum	Ribes.hirtellum	1	273	NA	0	NA	0	NA	0	273	1	4	1	1	NA	SHRUB	NA	SHRUB	1.5	NA		NA	1	NA	1.5	NA	NA	NA	NA	NA	NA	NA	NA	Ribes hirtellum	NA	shrub	0.1760912591	0.1760912591	#VALEUR !	
Ribes hudsonianum	Ribes.hudsonianum	1	322	1	80143	NA	0	NA	0	80465	1	4	1	1	NA	SHRUB	NA	SHRUB	2	NA		1	NA	NA	0.55	NA	NA	NA	Animal	Mammals (non-bat)+birds	NA	NA	NA	Ribes hudsonianum	animal	shrub	0.3010299957	-0.2596373105	#VALEUR !	
Ribes lacustre	Ribes.lacustre	1	905	1	66516	NA	0	NA	0	67421	1	4	1	1	NA	SHRUB	NA	SHRUB	2	NA		1	1	NA	0.91	NA	NA	NA	Animal	Mammals (non-bat)+birds	NA	NA	NA	Ribes lacustre	animal	shrub	0.3010299957	-0.0409586077	#VALEUR !	
Ribes nigrum	Ribes.nigrum	1	22001	1	73907	NA	0	NA	0	95908	1	4	1	1	NA	SHRUB	NA	SHRUB	2	NA		1	NA	NA	NA	Endozoochory	endochory	6	NA	NA	en	sr	NA	Ribes nigrum	animal	shrub	0.3010299957	#VALEUR !	#VALEUR !	
Ribes oxyacanthoides	Ribes.oxyacanthoides	1	315	1	39822	NA	0	NA	0	40137	1	4	1	1	NA	SHRUB	NA	SHRUB	2	NA		1	NA	NA	1.22	NA	NA	NA	NA	NA	NA	NA	NA	Ribes oxyacanthoides	NA	shrub	0.3010299957	0.0863598307	#VALEUR !	
Ribes spicatum	Ribes.spicatum	1	29452	1	190110	NA	0	NA	0	219562	1	4	1	1	NA	SHRUB	NA	SHRUB	1.5	NA		1	NA	NA	NA	NA	NA	NA	NA	NA	NA	NA	NA	Ribes spicatum	NA	shrub	0.1760912591	#VALEUR !	#VALEUR !	
Ribes triste	Ribes.triste	1	247	1	107961	NA	0	NA	0	108208	1	4	1	1	NA	SHRUB	NA	SHRUB	1	NA		1	NA	NA	NA	NA	NA	NA	NA	NA	NA	NA	NA	Ribes triste	NA	shrub	0	#VALEUR !	#VALEUR !	
Rosa acicularis	Rosa.acicularis	1	868	1	132450	NA	0	NA	0	133318	1	3	1	1	NA	SHRUB	NA	SHRUB	2.1096	NA		1	NA	12.0043599	NA	NA	NA	NA	NA	NA	NA	NA	NA	Rosa acicularis	NA	shrub	0.3242001168	#VALEUR !	1.0793390074	
Rosa majalis	Rosa.majalis	1	9799	1	77781	NA	0	NA	0	87580	1	4	1	1	NA	SHRUB	NA	SHRUB	2	NA		1	NA	12.0043599	NA	NA	endochory	NA	NA	NA	en	au	NA	Rosa majalis	animal	shrub	0.3010299957	#VALEUR !	1.0793390074	
Rubus acaulis	Rubus.acaulis	1	44	1	64400	NA	0	NA	0	64444	1	4	1	1	NA	SUBSHRUB, HERB	NA	SHRUB	0.3012	NA		1	NA	NA	NA	NA	NA	NA	NA	NA	NA	NA	NA	Rubus acaulis	NA	shrub	-0.5211450325	#VALEUR !	#VALEUR !	
Rubus arcticus	Rubus.arcticus	1	12798	1	99937	NA	0	NA	0	112735	1	4	1	1	NA	SUBSHRUB, HERB	NA	SHRUB	0.3024	NA		1	NA	1.677402039	NA	NA	NA	NA	NA	NA	NA	NA	NA	Rubus arcticus	NA	shrub	-0.5194182132	#VALEUR !	0.2246371666	
Rubus chamaemorus	Rubus.chamaemorus	1	33141	1	181721	1	11	NA	0	214873	1	3	1	1	NA	SUBSHRUB, HERB	herbaceous	SHRUB	0.175	NA		1	NA	7.878333334	NA	NA	NA	NA	Animal	NA	NA	NA	NA	Rubus chamaemorus	animal	shrub	-0.7569619513	#VALEUR !	0.896434352	
Rubus idaeus	Rubus.idaeus	1	66394	1	139191	NA	0	NA	0	205585	1	4	1	1	NA	SHRUB	NA	SHRUB	2	NA		1	NA	4.777867686	NA	Endozoochory	dysochory	6	Animal	Mammals (non-bat)+birds	en dy	ws	NA	Rubus idaeus	animal	shrub	0.3010299957	#VALEUR !	0.6792341186	
Rubus pubescens	Rubus.pubescens	1	275	1	14569	NA	0	NA	0	14844	1	4	1	1	NA	SUBSHRUB, HERB	NA	SHRUB	0.3	NA		1	NA	4.777867686	NA	NA	NA	NA	NA	NA	NA	NA	NA	Rubus pubescens	NA	shrub	-0.5228787453	#VALEUR !	0.6792341186	
Rubus stellatus	Rubus.stellatus	1	120	1	20021	NA	0	NA	0	20141	1	4	1	1	NA	SUBSHRUB, HERB	NA	SHRUB	0.3012	NA		1	NA	4.777867686	NA	NA	NA	NA	NA	NA	NA	NA	NA	Rubus stellatus	NA	shrub	-0.5211450325	#VALEUR !	0.6792341186	
Salix acutifolia	Salix.acutifolia	1	194	1	490	NA	0	NA	0	684	1	2	1	1	1	SHRUB, TREE	NA	TREE	7	287		1	NA	0.18115942	NA	NA	NA	NA	NA	NA	NA	NA	NA	Salix acutifolia	NA	tree	0.84509804	#VALEUR !	-0.7419390784	
Salix alaxensis	Salix.alaxensis	1	585	1	73099	NA	0	NA	0	73684	1	1	1	1	1	SHRUB, TREE	shrub	TREE	7	287	Normand.etal.2013.REST 	1	NA	0.18115942	NA	NA	NA	NA	NA	NA	NA	NA	NA	Salix alaxensis	NA	tree	0.84509804	#VALEUR !	-0.7419390784	
Salix arbuscula	Salix.arbuscula	1	1090	1	2715	NA	0	NA	0	3805	1	2	1	1	NA	SHRUB	NA	SHRUB	0.7	NA		1	NA	0.224083334	NA	NA	NA	NA	NA	NA	NA	NA	NA	Salix arbuscula	NA	shrub	-0.15490196	#VALEUR !	-0.6495904425	
Salix arbusculoides	Salix.arbusculoides	1	713	1	41958	NA	0	NA	0	42671	1	1	1	1	1	SHRUB, TREE	NA	TREE	6.024	287	Normand.etal.2013.REST 	1	NA	0.18115942	NA	NA	NA	NA	NA	NA	NA	NA	NA	Salix arbusculoides	NA	tree	0.7798849632	#VALEUR !	-0.7419390784	
Salix arctica	Salix.arctica	1	4267	1	30118	1	332	NA	0	34717	1	1	1	1	NA	SHRUB	tree	SHRUB	0.15	NA		1	NA	0.04	NA	NA	NA	NA	NA	NA	NA	NA	NA	Salix arctica	NA	shrub	-0.8239087409	#VALEUR !	-1.3979400087	
Salix arctophila	Salix.arctophila	1	321	1	41376	1	276	NA	0	41973	1	2	1	1	NA	DWARF-SHRUB	NA	SHRUB	0.15	NA		1	NA	0.224083334	NA	NA	NA	NA	NA	NA	NA	NA	NA	Salix arctophila	NA	shrub	-0.8239087409	#VALEUR !	-0.6495904425	
Salix argyrocarpa	Salix.argyrocarpa	1	26	NA	0	NA	0	NA	0	26	1	2	1	1	NA	SHRUB	NA	SHRUB	1	NA		NA	1	0.224083334	NA	NA	NA	NA	NA	NA	NA	NA	NA	Salix argyrocarpa	NA	shrub	0	#VALEUR !	-0.6495904425	
Salix ballii	Salix.ballii	1	23	NA	0	NA	0	NA	0	23	1	2	1	1	NA	SHRUB	NA	SHRUB	1.2	NA		NA	1	0.224083334	NA	NA	NA	NA	NA	NA	NA	NA	NA	Salix ballii	NA	shrub	0.079181246	#VALEUR !	-0.6495904425	
Salix barclayi	Salix.barclayi	1	458	1	27667	NA	0	NA	0	28125	1	1	1	1	1	SHRUB, TREE	NA	TREE	4.786	287		1	NA	0.18115942	NA	NA	NA	NA	NA	NA	NA	NA	NA	Salix barclayi	NA	tree	0.6799726943	#VALEUR !	-0.7419390784	
Salix barrattiana	Salix.barrattiana	1	152	1	15772	NA	0	NA	0	15924	1	1	1	1	NA	SHRUB	NA	SHRUB	1.5	NA		1	NA	0.224083334	NA	NA	NA	NA	NA	NA	NA	NA	NA	Salix barrattiana	NA	shrub	0.1760912591	#VALEUR !	-0.6495904425	
Salix bebbiana	Salix.bebbiana	1	1222	1	1809	NA	0	NA	0	3031	1	2	1	1	1	SHRUB, TREE	NA	TREE	7	287	Normand.etal.2013.REST 	1	NA	0.18115942	NA	NA	NA	NA	wind+water	NA	NA	NA	NA	Salix bebbiana	wind.none	tree	0.84509804	#VALEUR !	-0.7419390784	
Salix berberifolia	Salix.berberifolia	1	3	1	19369	NA	0	NA	0	19372	1	2	1	1	NA	SHRUB	NA	SHRUB	1.1	NA		1	NA	0.224083334	NA	NA	NA	NA	NA	NA	NA	NA	NA	Salix berberifolia	NA	shrub	0.0413926852	#VALEUR !	-0.6495904425	
Salix boganidensis	Salix.boganidensis	1	4	1	22466	NA	0	NA	0	22470	1	2	1	1	NA	SHRUB	NA	SHRUB	1.1	NA		1	NA	0.224083334	NA	NA	NA	NA	NA	NA	NA	NA	NA	Salix boganidensis	NA	shrub	0.0413926852	#VALEUR !	-0.6495904425	
Salix brachycarpa	Salix.brachycarpa	1	404	1	26608	NA	0	NA	0	27012	1	2	1	1	NA	SHRUB	NA,shrub	SHRUB	1.5	NA		1	NA	0.224083334	NA	NA	NA	NA	NA	NA	NA	NA	NA	Salix brachycarpa	NA	shrub	0.1760912591	#VALEUR !	-0.6495904425	
Salix burjatica	Salix.burjatica	1	907	1	27559	NA	0	NA	0	28466	1	2	1	1	1	SHRUB, TREE	NA	TREE	8	287		1	NA	0.18115942	NA	NA	NA	NA	NA	NA	NA	NA	NA	Salix burjatica	NA	tree	0.903089987	#VALEUR !	-0.7419390784	
Salix calcicola	Salix.calcicola	1	135	1	1217	NA	0	NA	0	1352	1	2	1	1	NA	SHRUB	NA	SHRUB	1.3	NA		1	NA	0.224083334	NA	NA	NA	NA	NA	NA	NA	NA	NA	Salix calcicola	NA	shrub	0.1139433523	#VALEUR !	-0.6495904425	
Salix candida	Salix.candida	1	262	1	43059	NA	0	NA	0	43321	1	2	1	1	NA	SHRUB	NA	SHRUB	1	NA		1	NA	0.224083334	NA	NA	NA	NA	NA	NA	NA	NA	NA	Salix candida	NA	shrub	0	#VALEUR !	-0.6495904425	
Salix caprea	Salix.caprea	1	58706	1	106023	NA	0	NA	0	164729	1	2	1	1	1	SHRUB, TREE	NA	TREE	15	287	Normand.etal.2013.REST 	1	NA	0.18115942	NA	Wind dispersal	meteorochory	5	NA	NA	me	sw	NA	Salix caprea	wind.special	tree	1.1760912591	#VALEUR !	-0.7419390784	
Salix chamissonis	Salix.chamissonis	1	104	1	23158	NA	0	NA	0	23262	1	2	1	1	NA	SHRUB, SUBSHRUB	NA	SHRUB	0.1	NA		1	NA	0.224083334	NA	NA	NA	NA	NA	NA	NA	NA	NA	Salix chamissonis	NA	shrub	-1	#VALEUR !	-0.6495904425	
Salix cordata	Salix.cordata	1	90	NA	0	NA	0	NA	0	90	1	2	1	1	NA	SHRUB	NA	SHRUB	3	NA		NA	1	0.224083334	NA	NA	NA	NA	NA	NA	NA	NA	NA	Salix cordata	NA	shrub	0.4771212547	#VALEUR !	-0.6495904425	
Salix fuscescens	Salix.fuscescens	1	434	1	48028	NA	0	NA	0	48462	1	2	1	1	NA	SHRUB, SUBSHRUB	shrub	TREE	3.323	287		1	NA	0.224083334	NA	NA	NA	NA	NA	NA	NA	NA	NA	Salix fuscescens	NA	tree	0.5215303413	#VALEUR !	-0.6495904425	
Salix glauca	Salix.glauca	1	9270	1	13704	1	485	NA	0	23459	1	1	1	1	NA	SHRUB	shrub	SHRUB	0.615	287	Normand.etal.2013.REST 	1	NA	0.289166667	NA	NA	NA	NA	NA	NA	NA	NA	NA	Salix glauca	NA	shrub	-0.2111248842	#VALEUR !	-0.5388517708	
Salix hastata	Salix.hastata	1	5945	1	19903	NA	0	NA	0	25848	1	2	1	1	NA	SHRUB	tree	SHRUB	0.9572	287	Normand.etal.2013.REST 	1	NA	0.175	NA	Wind dispersal	meteorochory	5	NA	NA	me	sw	NA	Salix hastata	wind.special	shrub	-0.0189973101	#VALEUR !	-0.7569619513	
Salix herbacea	Salix.herbacea	1	9379	1	17929	1	374	NA	0	27682	1	2	1	1	NA	SHRUB	shrub	SHRUB	0.029533334	287		1	NA	0.188166667	NA	Wind dispersal	meteorochory	5	NA	NA	NA	NA	NA	Salix herbacea	wind.special	shrub	-1.529687523	#VALEUR !	-0.7254573077	
Salix interior	Salix.interior	1	614	1	64651	NA	0	NA	0	65265	1	2	1	1	1	SHRUB, TREE	NA	TREE	9	287		1	NA	0.18115942	NA	NA	NA	NA	wind+water	NA	NA	NA	NA	Salix interior	wind.none	tree	0.9542425094	#VALEUR !	-0.7419390784	
Salix krylovii	Salix.krylovii	1	2	1	45658	NA	0	NA	0	45660	1	2	1	1	NA	SHRUB	NA	SHRUB	2.5	287		1	NA	0.224083334	NA	NA	NA	NA	NA	NA	NA	NA	NA	Salix krylovii	NA	shrub	0.3979400087	#VALEUR !	-0.6495904425	
Salix lanata	Salix.lanata	1	4983	1	12946	NA	0	NA	0	17929	1	1	1	1	NA	SHRUB	NA,shrub	SHRUB	0.28	287	Normand.etal.2013.REST 	1	NA	0.224083334	NA	NA	NA	NA	NA	NA	NA	NA	NA	Salix lanata	NA	shrub	-0.5528419687	#VALEUR !	-0.6495904425	
Salix lapponum	Salix.lapponum	1	4625	1	58274	NA	0	NA	0	62899	1	1	1	1	NA	SHRUB	tree	SHRUB	0.848992857	287	Normand.etal.2013.REST 	1	NA	0.51	NA	NA	NA	NA	NA	NA	NA	NA	NA	Salix lapponum	NA	shrub	-0.0710959637	#VALEUR !	-0.2924298239	
Salix myrsinifolia	Salix.myrsinifolia	1	9113	1	43074	NA	0	NA	0	52187	1	1	1	1	1	SHRUB, TREE	NA	TREE	7	287		1	NA	0.18115942	NA	Wind dispersal	meteorochory	5	NA	NA	me	sw	NA	Salix myrsinifolia	wind.special	tree	0.84509804	#VALEUR !	-0.7419390784	
Salix myrsinites	Salix.myrsinites	1	3941	1	9645	NA	0	NA	0	13586	1	2	1	1	NA	SHRUB	shrub	SHRUB	0.215	287	Normand.etal.2013.REST 	1	NA	0.411666667	NA	NA	NA	NA	NA	NA	NA	NA	NA	Salix myrsinites	NA	shrub	-0.6675615401	#VALEUR !	-0.3854542968	
Salix myrtillifolia	Salix.myrtillifolia	1	328	1	59810	NA	0	NA	0	60138	1	3	1	1	NA	SHRUB	NA	SHRUB	0.6	287		1	NA	0.224083334	NA	NA	NA	NA	NA	NA	NA	NA	NA	Salix myrtillifolia	NA	shrub	-0.2218487496	#VALEUR !	-0.6495904425	
Salix myrtilloides	Salix.myrtilloides	1	4055	1	32583	NA	0	NA	0	36638	1	2	1	1	NA	SHRUB	NA	SHRUB	1	287	Normand.etal.2013.REST 	1	NA	0.224083334	NA	NA	NA	NA	NA	NA	me	sw	NA	Salix myrtilloides	wind.special	shrub	0	#VALEUR !	-0.6495904425	
Salix niphoclada	Salix.niphoclada	1	370	1	24037	NA	0	NA	0	24407	1	1	1	1	NA	SHRUB	NA	SHRUB	2.7192	287		1	NA	0.224083334	NA	NA	NA	NA	NA	NA	NA	NA	NA	Salix niphoclada	NA	shrub	0.4344411516	#VALEUR !	-0.6495904425	
Salix nummularia	Salix.nummularia	1	2	1	6036	NA	0	NA	0	6038	1	2	1	1	NA	SHRUB, SUBSHRUB	NA	SHRUB	0.03	287		1	NA	0.224083334	NA	NA	NA	NA	NA	NA	NA	NA	NA	Salix nummularia	NA	shrub	-1.5228787453	#VALEUR !	-0.6495904425	
Salix ovalifolia	Salix.ovalifolia	1	213	1	6478	NA	0	NA	0	6691	1	2	1	1	NA	SHRUB, SUBSHRUB	NA	SHRUB	0.05	287		1	NA	0.224083334	NA	NA	NA	NA	NA	NA	NA	NA	NA	Salix ovalifolia	NA	shrub	-1.3010299957	#VALEUR !	-0.6495904425	
Salix pedicellaris	Salix.pedicellaris	1	182	1	3610	NA	0	NA	0	3792	1	2	1	1	NA	SHRUB	NA	SHRUB	1.5	287		1	NA	0.224083334	NA	NA	NA	NA	NA	NA	NA	NA	NA	Salix pedicellaris	NA	shrub	0.1760912591	#VALEUR !	-0.6495904425	
Salix pellita	Salix.pellita	1	52	NA	0	NA	0	1	16357	16409	1	2	1	1	1	SHRUB, TREE	NA	TREE	6	287	Normand.etal.2013.REST 	NA	1	0.18115942	NA	NA	NA	NA	NA	NA	NA	NA	NA	Salix pellita	NA	tree	0.7781512504	#VALEUR !	-0.7419390784	
Salix pentandra	Salix.pentandra	1	5272	1	73955	NA	0	NA	0	79227	1	2	1	1	1	SHRUB, TREE	NA	TREE	15	287		1	NA	0.18115942	NA	Wind dispersal	meteorochory	5	NA	NA	me	sw	NA	Salix pentandra	wind.special	tree	1.1760912591	#VALEUR !	-0.7419390784	
Salix phlebophylla	Salix.phlebophylla	1	260	1	27815	NA	0	NA	0	28075	1	2	1	1	NA	SHRUB, SUBSHRUB	NA	SHRUB	0.07	287		1	NA	0.224083334	NA	NA	NA	NA	NA	NA	NA	NA	NA	Salix phlebophylla	NA	shrub	-1.15490196	#VALEUR !	-0.6495904425	
Salix phylicifolia	Salix.phylicifolia	1	1367	1	60429	NA	0	NA	0	61796	1	2	1	1	1	SHRUB, TREE	tree	SHRUB	2.5	287	Normand.etal.2013.REST 	1	NA	0.18115942	NA	NA	NA	NA	NA	NA	NA	NA	NA	Salix phylicifolia	NA	shrub	0.3979400087	#VALEUR !	-0.7419390784	
Salix planifolia	Salix.planifolia	1	955	1	117498	NA	0	NA	0	118453	1	2	1	1	1	SHRUB, TREE	shrub	TREE	5.6096	287		1	NA	0.18115942	NA	NA	NA	NA	NA	NA	NA	NA	NA	Salix planifolia	NA	tree	0.7489318944	#VALEUR !	-0.7419390784	
Salix polaris	Salix.polaris	1	1751	1	10504	NA	0	NA	0	12255	1	1	1	1	NA	SHRUB, SUBSHRUB	shrub	SHRUB	0.055	287		1	NA	0.224083334	NA	NA	NA	NA	NA	NA	NA	NA	NA	Salix polaris	NA	shrub	-1.2596373105	#VALEUR !	-0.6495904425	
Salix pseudomonticola	Salix.pseudomonticola	1	150	1	40305	NA	0	NA	0	40455	1	2	1	1	NA	SHRUB	NA	TREE	6	287		1	NA	0.224083334	NA	NA	NA	NA	NA	NA	NA	NA	NA	Salix pseudomonticola	NA	tree	0.7781512504	#VALEUR !	-0.6495904425	
Salix pseudomyrsinites	Salix.pseudomyrsinites	1	118	NA	0	NA	0	NA	0	118	1	2	1	1	1	SHRUB, TREE	NA	TREE	7	287		NA	1	0.18115942	NA	NA	NA	NA	NA	NA	NA	NA	NA	Salix pseudomyrsinites	NA	tree	0.84509804	#VALEUR !	-0.7419390784	
Salix pulchra	Salix.pulchra	1	586	1	67063	NA	0	NA	0	67649	1	1	1	1	NA	SHRUB	shrub	SHRUB	2.569066667	287		1	NA	0.224083334	NA	NA	NA	NA	NA	NA	NA	NA	NA	Salix pulchra	NA	shrub	0.4097753743	#VALEUR !	-0.6495904425	
Salix pyrolifolia	Salix.pyrolifolia	1	16	1	10105	NA	0	NA	0	10121	1	2	1	1	1	SHRUB, TREE	NA	TREE	7	287		1	NA	0.18115942	NA	NA	NA	NA	NA	NA	NA	NA	NA	Salix pyrolifolia	NA	tree	0.84509804	#VALEUR !	-0.7419390784	
Salix recurvigemmis	Salix.recurvigemmis	NA	0	1	2526	NA	0	NA	0	2526	1	2	1	1	NA	SHRUB	NA	SHRUB	1.1	287		1	NA	0.224083334	NA	NA	NA	NA	NA	NA	NA	NA	NA	Salix recurvigemmis	NA	shrub	0.0413926852	#VALEUR !	-0.6495904425	
Salix reptans	Salix.reptans	1	1	1	3384	NA	0	NA	0	3385	1	2	1	1	NA	SHRUB	NA	SHRUB	1.1	287		1	NA	0.224083334	NA	NA	NA	NA	NA	NA	NA	NA	NA	Salix reptans	NA	shrub	0.0413926852	#VALEUR !	-0.6495904425	
Salix reticulata	Salix.reticulata	1	2481	1	19041	NA	0	NA	0	21522	1	2	1	1	NA	SHRUB, SUBSHRUB	shrub	SHRUB	0.0875	287		1	NA	0.1375	NA	Wind dispersal	meteorochory	5	NA	NA	me	kt	NA	Salix reticulata	wind.special	shrub	-1.057991947	#VALEUR !	-0.8616973018	
Salix richardsonii	Salix.richardsonii	1	417	1	5750	NA	0	NA	0	6167	1	1	1	1	1	SHRUB, TREE	NA,shrub	TREE	5.536	287		1	NA	0.18115942	NA	NA	NA	NA	NA	NA	NA	NA	NA	Salix richardsonii	NA	tree	0.7431960814	#VALEUR !	-0.7419390784	
Salix rosmarinifolia	Salix.rosmarinifolia	1	499	1	55556	NA	0	NA	0	56055	1	2	1	1	NA	SHRUB	NA	SHRUB	1	287		1	NA	0.224083334	NA	NA	meteorochory	NA	NA	NA	NA	NA	NA	Salix rosmarinifolia	wind.special	shrub	0	#VALEUR !	-0.6495904425	
Salix rotundifolia	Salix.rotundifolia	1	276	1	13785	NA	0	NA	0	14061	1	2	1	1	NA	SHRUB, SUBSHRUB	NA,shrub	SHRUB	0.05	287		1	NA	0.224083334	NA	NA	NA	NA	NA	NA	NA	NA	NA	Salix rotundifolia	NA	shrub	-1.3010299957	#VALEUR !	-0.6495904425	
Salix saxatilis	Salix.saxatilis	1	8	1	37466	NA	0	NA	0	37474	1	2	1	1	NA	SHRUB	NA	SHRUB	0.5	287		1	NA	0.224083334	NA	NA	NA	NA	NA	NA	NA	NA	NA	Salix saxatilis	NA	shrub	-0.3010299957	#VALEUR !	-0.6495904425	
Salix serissima	Salix.serissima	1	114	1	45009	NA	0	NA	0	45123	1	2	1	1	NA	SHRUB	NA	TREE	5	287		1	NA	0.224083334	NA	NA	NA	NA	NA	NA	NA	NA	NA	Salix serissima	NA	tree	0.6989700043	#VALEUR !	-0.6495904425	
Salix sphenophylla	Salix.sphenophylla	1	24	1	41496	NA	0	NA	0	41520	1	2	1	1	NA	SHRUB, SUBSHRUB	NA	SHRUB	0.12	287		1	NA	0.224083334	NA	NA	NA	NA	NA	NA	NA	NA	NA	Salix sphenophylla	NA	shrub	-0.920818754	#VALEUR !	-0.6495904425	
Salix triandra	Salix.triandra	1	11120	1	90098	NA	0	NA	0	101218	1	2	1	1	1	SHRUB, TREE	NA	TREE	6	287		1	NA	0.18115942	NA	Wind dispersal	meteorochory	5	NA	NA	me	sw	NA	Salix triandra	wind.special	tree	0.7781512504	#VALEUR !	-0.7419390784	
Salix tschuktschorum	Salix.tschuktschorum	1	2	1	19369	NA	0	NA	0	19371	1	2	1	1	NA	DWARF-SHRUB	NA	SHRUB	1.1	287		1	NA	0.224083334	NA	NA	NA	NA	NA	NA	NA	NA	NA	Salix tschuktschorum	NA	shrub	0.0413926852	#VALEUR !	-0.6495904425	
Salix tyrrellii	Salix.tyrrellii	1	51	NA	0	NA	0	NA	0	51	1	2	1	1	NA	SHRUB	NA	TREE	3.5	287		NA	1	0.224083334	NA	NA	NA	NA	NA	NA	NA	NA	NA	Salix tyrrellii	NA	tree	0.5440680444	#VALEUR !	-0.6495904425	
Salix udensis	Salix.udensis	1	322	NA	0	NA	0	NA	0	322	1	2	1	1	NA	SHRUB	NA	TREE	4.572	287		NA	1	0.224083334	NA	NA	NA	NA	NA	NA	NA	NA	NA	Salix udensis	NA	tree	0.6601062217	#VALEUR !	-0.6495904425	
Salix uva-ursi	Salix.uvaursi	1	55	NA	0	1	70	NA	0	125	1	2	1	1	NA	SHRUB, SUBSHRUB	NA	SHRUB	0.05	287		NA	1	0.224083334	NA	NA	NA	NA	NA	NA	NA	NA	NA	Salix uva-ursi	NA	shrub	-1.3010299957	#VALEUR !	-0.6495904425	
Salix vestita	Salix.vestita	1	160	NA	0	NA	0	NA	0	160	1	2	1	1	NA	SHRUB	NA	SHRUB	1.5	287		NA	1	0.224083334	NA	NA	NA	NA	NA	NA	NA	NA	NA	Salix vestita	NA	shrub	0.1760912591	#VALEUR !	-0.6495904425	
Salix viminalis	Salix.viminalis	NA	0	1	75187	NA	0	NA	0	75187	1	2	1	1	1	SHRUB, TREE	NA	TREE	7	287		1	NA	0.18115942	NA	Wind dispersal	meteorochory	5	NA	NA	me	sw	NA	Salix viminalis	wind.special	tree	0.84509804	#VALEUR !	-0.7419390784	
Sambucus racemosa	Sambucus.racemosa	1	13931	1	59243	NA	0	NA	0	73174	1	4	1	1	NA	SHRUB	NA	TREE	5.8	NA		1	NA	NA	2.4	Endozoochory	dysochory	6	Animal	Mammals (non-bat)+birds	en dy	sr ws	NA	Sambucus racemosa	animal	tree	0.7634279936	0.3802112417	#VALEUR !	
Shepherdia canadensis	Shepherdia.canadensis	1	814	1	82707	NA	0	NA	0	83521	1	3	1	1	NA	SHRUB	NA	SHRUB	1.9144	NA		1	NA	8.235958693	NA	NA	NA	NA	Animal	Mammals	NA	NA	NA	Shepherdia canadensis	animal	shrub	0.2820326856	#VALEUR !	0.9157141598	
Sibbaldia procumbens	Sibbaldia.procumbens	1	5517	1	20473	1	272	NA	0	26262	1	3	1	1	NA	SUBSHRUB, HERB	herbaceous	SHRUB	0.03825	NA		1	NA	0.5224	NA	Endozoochory	boleochory	6	NA	NA	en bo	sr	NA	Sibbaldia procumbens	animal	shrub	-1.4173685605	#VALEUR !	-0.2819968317	
Sorbus aucuparia	Sorbus.aucuparia	1	98420	1	98038	NA	0	NA	0	196458	1	4	1	1	1	SHRUB, TREE	NA	TREE	15	138	Normand.etal.2013.REST 	1	NA	NA	3.2	Endozoochory	dysochory	6	Animal	Birds	en dy	sr ws	NA	Sorbus aucuparia	animal	tree	1.1760912591	0.5051499783	#VALEUR !	
Sorbus groenlandica	Sorbus.groenlandica	1	2	NA	0	1	54	NA	0	56	1	4	1	1	1	SHRUB, TREE	NA	SHRUB	3	138	Normand.etal.2013.REST 	NA	1	NA	NA	NA	NA	NA	NA	NA	NA	NA	NA	Sorbus groenlandica	NA	shrub	0.4771212547	#VALEUR !	#VALEUR !	
Sorbus sambucifolia	Sorbus.sambucifolia	1	48	1	9409	NA	0	NA	0	9457	1	4	1	1	NA	SHRUB	NA	SHRUB	2	138		1	NA	NA	NA	NA	NA	NA	NA	NA	NA	NA	NA	Sorbus sambucifolia	NA	shrub	0.3010299957	#VALEUR !	#VALEUR !	
Sorbus scopulina	Sorbus.scopulina	1	551	1	31663	NA	0	NA	0	32214	1	4	1	1	1	SHRUB, TREE	NA	TREE	4	138		1	NA	NA	3.6	NA	NA	NA	NA	NA	NA	NA	NA	Sorbus scopulina	NA	tree	0.6020599913	0.5563025008	#VALEUR !	
Spiraea betulifolia	Spiraea.betulifolia	1	317	1	34226	NA	0	NA	0	34543	1	3	1	1	NA	SHRUB	NA	SHRUB	0.9144	NA		1	NA	0.279138486	NA	NA	NA	NA	NA	NA	NA	NA	NA	Spiraea betulifolia	NA	shrub	-0.0388637826	#VALEUR !	-0.5541802814	
Spiraea media	Spiraea.media	1	65	1	23905	NA	0	NA	0	23970	1	4	1	1	NA	SHRUB	NA	SHRUB	2	NA		1	NA	0.279138486	NA	NA	NA	NA	NA	NA	bo at	sr	NA	Spiraea media	NA	shrub	0.3010299957	#VALEUR !	-0.5541802814	
Spiraea salicifolia	Spiraea.salicifolia	1	763	NA	0	NA	0	NA	0	763	1	4	1	1	NA	SHRUB	NA	SHRUB	2	NA		NA	1	0.279138486	NA	NA	boleochory	NA	NA	NA	bo at 	au	NA	Spiraea salicifolia	wind.none	shrub	0.3010299957	#VALEUR !	-0.5541802814	
Spiraea stevenii	Spiraea.stevenii	1	328	1	34226	NA	0	NA	0	34554	1	3	1	1	NA	SHRUB	NA	SHRUB	0.8	NA		1	NA	0.279138486	NA	NA	NA	NA	NA	NA	NA	NA	NA	Spiraea stevenii	NA	shrub	-0.096910013	#VALEUR !	-0.5541802814	
Swida alba	Swida.alba	1	1603	1	30066	NA	0	NA	0	31669	1	4	1	1	NA	SHRUB	NA	SHRUB	3	NA		1	NA	25.12450216	NA	NA	NA	NA	NA	NA	NA	NA	NA	Swida alba	NA	shrub	0.4771212547	#VALEUR !	1.400097465	
Swida sericea	Swida.sericea	1	4557	1	106008	NA	0	NA	0	110565	1	3	1	1	1	SHRUB, TREE	shrub	SHRUB	2.7432	NA		1	NA	25.12450216	NA	NA	NA	NA	NA	NA	NA	NA	NA	Swida sericea	NA	shrub	0.4382574721	#VALEUR !	1.400097465	
Therorhodion glandulosum	Therorhodion.glandulosum	1	47	1	11513	NA	0	NA	0	11560	1	3	1	1	NA	SHRUB	NA	SHRUB	0.1	NA		1	NA	0.03	NA	NA	NA	NA	NA	NA	NA	NA	NA	Therorhodion glandulosum	NA	shrub	-1	#VALEUR !	-1.5228787453	
Thymus praecox	Thymus.praecox	1	14165	1	435	1	167	NA	0	14767	1	3	1	1	NA	SUBSHRUB, HERB	herbaceous	SHRUB	0.12	NA		1	NA	0.1522	NA	Unassisted dispersal	boleochory	4	NA	NA	NA	NA	NA	Thymus praecox	wind.none	shrub	-0.920818754	#VALEUR !	-0.8175853476	
Thymus serpyllum	Thymus.serpyllum	1	12817	1	20621	NA	0	NA	0	33438	1	3	1	1	NA	SUBSHRUB, HERB	NA	SHRUB	0.095	NA		1	NA	0.2402	NA	NA	NA	NA	NA	NA	bo my	kt sr	NA	Thymus serpyllum	wind.none	shrub	-1.0222763947	#VALEUR !	-0.6194269969	
Vaccinium caespitosum	Vaccinium.caespitosum	1	312	1	44101	NA	0	NA	0	44413	1	2	1	1	NA	SHRUB, SUBSHRUB	tree	SHRUB	0.2524	138		1	NA	0.087694489	NA	NA	NA	NA	NA	NA	NA	NA	NA	Vaccinium caespitosum	NA	shrub	-0.5979106494	#VALEUR !	-1.0570276982	
Vaccinium myrtilloides	Vaccinium.myrtilloides	1	264	NA	0	NA	0	NA	0	264	1	2	1	1	NA	SHRUB, SUBSHRUB	NA	SHRUB	1.15	138		NA	1	0.287568182	NA	NA	NA	NA	NA	NA	NA	NA	NA	Vaccinium myrtilloides	NA	shrub	0.0606978404	#VALEUR !	-0.5412591682	
Vaccinium myrtillus	Vaccinium.myrtillus	1	67230	1	83971	1	1	NA	0	151202	1	1	1	1	NA	SHRUB	shrub	SHRUB	0.270682143	138		1	NA	0.287568182	NA	Endozoochory	dysochory	7	Animal	NA	en dy 	au	Animal	Vaccinium myrtillus	animal	shrub	-0.5675403939	#VALEUR !	-0.5412591682	
Vaccinium ovalifolium	Vaccinium.ovalifolium	1	435	1	14677	NA	0	NA	0	15112	1	2	1	1	NA	SHRUB	NA	SHRUB	1	138		1	NA	0.287568182	NA	NA	NA	NA	NA	NA	NA	NA	NA	Vaccinium ovalifolium	NA	shrub	0	#VALEUR !	-0.5412591682	
Vaccinium uliginosum	Vaccinium.uliginosum	1	45358	1	210036	1	481	NA	0	255875	1	1	1	1	NA	SHRUB	tree	SHRUB	0.3225	138	Normand.etal.2013.REST 	1	NA	0.265	NA	Endozoochory	endochory	6	Animal	NA	en dy 	au	Animal	Vaccinium uliginosum	animal	shrub	-0.491470281	#VALEUR !	-0.5767541261	
Vaccinium vitis-idaea	Vaccinium.vitisidaea	1	49166	1	217933	1	170	NA	0	267269	1	2	1	1	NA	DWARF-SHRUB	tree	SHRUB	0.1575	138		1	NA	6.28297548	NA	Endozoochory	endochory	7	Animal	NA	en dy 	au	Animal	Vaccinium vitis-idaea	animal	shrub	-0.8027194419	#VALEUR !	0.7981653648	
Veronica fruticans	Veronica.fruticans	1	3342	1	5949	1	165	NA	0	9456	1	3	1	1	NA	SHRUB	NA,shrub	SHRUB	0.125	NA		1	NA	0.1258	NA	Unassisted dispersal	boleochory	1	NA	NA	NA	NA	NA	Veronica fruticans	wind.none	shrub	-0.903089987	#VALEUR !	-0.9003193589	
Viburnum edule	Viburnum.edule	1	679	1	76939	NA	0	NA	0	77618	1	3	1	1	NA	SHRUB	NA	SHRUB	1.5548	1.616666667	Svenning.and.Sandel.2013.Average.across.all.Viburnum.spp 	1	NA	33.03000834	NA	NA	NA	NA	NA	NA	NA	NA	NA	Viburnum edule	NA	shrub	0.191674532	#VALEUR !	1.5189086833	
